{
    "appName": "Java Interview Question Answer App",
    "version": "1.0",
    "aboutTitle": "About Title",
    "aboutDesc": "About Description",
    "timestamp": "1234567",
    "qaList": [
        {
            "id": "1",
            "q": "What is immutable object in Java? Can you change values of a immutable object?",
            "a": "A Java object is considered immutable when its state cannot change after it is created. Use of immutable objects is widely accepted as a sound strategy for creating simple, reliable code. Immutable objects are particularly useful in concurrent applications. Since they cannot change state, they cannot be corrupted by thread interference or observed in an inconsistent state. java.lang.String and java.lang.Integer classes are the Examples of immutable objects from the Java Development Kit. Immutable objects simplify your program due to following characteristics : <ul><li>Immutable objects are simple to use test and construct.</li><li>Immutable objects are automatically thread-safe.</li><li>Immutable objects do not require a copy constructor. </li><li>Immutable objects do not require an implementation of clone. </li><li>Immutable objects allow hashCode to use lazy initialization, and to cache its return value.</li><li>Immutable objects do not need to be copied defensively when used as a field. </li><li>Immutable objects are good Map keys and Set elements (Since state of these objects must not change while stored in a collection).</li><li>Immutable objects have their class invariant established once upon construction, and it never needs to be checked again.</li><li>Immutable objects always have 'failure atomicity' (a term used by Joshua Bloch) : if an immutable object throws an exception, it's never left in an undesirable or indeterminate state.</li>",
            "category": "Core Java"
        },
        {
            "id": "2",
            "q": "TestQuestion",
            "a": "Testanswer",
            "category": "Serialization"
        },
        {
            "id": "3",
            "q": "How to create a immutable object in Java? Does all property of immutable object needs to be final?",
            "a": "To create a object immutable You need to make the class final and all its member final so that once objects gets crated no one can modify its state. You can achieve same functionality by making member as non final but private and not modifying them except in constructor. Also its NOT necessary to have all the properties final since you can achieve same functionality by making member as non final but private and not modifying them except in constructor. ",
            "category": "Core Java"
        },
        {
            "id": "4",
            "q": "TestQuestion",
            "a": "Testanswer",
            "category": "Multi Threading"
        },
        {
            "id": "5",
            "q": "Questions Five",
            "a": "Testanswer 5",
            "category": "Multi Threading"
        },
        {
            "id": "6",
            "q": "Question 6",
            "a": "Testanswer 6",
            "category": "Multi Threading"
        },
        {
            "id": "7",
            "q": "Test Question 7",
            "a": "Test answer 7",
            "category": "Multi Threading"
        },
        {
            "id": "8",
            "q": "Test Question 8",
            "a": "Test answer 8",
            "category": "Multi Threading"
        },
        {
            "id": "9",
            "q": "Test Question 9",
            "a": "Test answer 9",
            "category": "Multi Threading"
        },
        {
            "id": "10",
            "q": "Test Question 10",
            "a": "Test answer 10",
            "category": "Multi Threading"
        },
        {
            "id": "11",
            "q": "Test Question 11",
            "a": "Test answer 11",
            "category": "Multi Threading"
        },
        {
            "id": "12",
            "q": "Test Question 12",
            "a": "Test answer 12",
            "category": "Multi Threading"
        },
        {
            "id": "13",
            "q": "Test Question 13",
            "a": "Test answer 13",
            "category": "Multi Threading"
        },
        {
            "id": "14",
            "q": "Test Question 14",
            "a": "Test answer 14",
            "category": "Multi Threading"
        },
        {
            "id": "15",
            "q": "Test Question 15",
            "a": "Test answer 15",
            "category": "Multi Threading"
        },
        {
            "id": "16",
            "q": "Test Question 16",
            "a": "Test answer 16",
            "category": "Multi Threading"
        },
        {
            "id": "17",
            "q": "Test Question 17",
            "a": "Test answer 17",
            "category": "Multi Threading"
        },
        {
            "id": "18",
            "q": "Test Question 18",
            "a": "Test answer 18",
            "category": "Multi Threading"
        },
        {
            "id": "19",
            "q": "Test Question 19",
            "a": "Test answer 19",
            "category": "Multi Threading"
        },
        {
            "id": "20",
            "q": "Test Question 20",
            "a": "Test answer 20",
            "category": "Multi Threading"
        },
        {
            "id": "21",
            "q": "Test Question 21",
            "a": "Test answer 21",
            "category": "Multi Threading"
        },
        {
            "id": "22",
            "q": "Test Question 22",
            "a": "Test answer 22",
            "category": "Multi Threading"
        },
        {
            "id": "23",
            "q": "Test Question 23",
            "a": "Test answer 23",
            "category": "Multi Threading"
        },
        {
            "id": "24",
            "q": "Test Question 24",
            "a": "Test answer 24",
            "category": "Multi Threading"
        },
        {
            "id": "0",
            "category": "Advanced Java",
            "q": "Test Question Advanced Java 0",
            "a": "Test Answer Advanced Java 0"
        },
        {
            "id": "1",
            "category": "Advanced Java",
            "q": "Test Question Advanced Java 1",
            "a": "Test Answer Advanced Java 1"
        },
        {
            "id": "2",
            "category": "Advanced Java",
            "q": "Test Question Advanced Java 2",
            "a": "Test Answer Advanced Java 2"
        },
        {
            "id": "3",
            "category": "Advanced Java",
            "q": "Test Question Advanced Java 3",
            "a": "Test Answer Advanced Java 3"
        },
        {
            "id": "4",
            "category": "Advanced Java",
            "q": "Test Question Advanced Java 4",
            "a": "Test Answer Advanced Java 4"
        },
        {
            "id": "5",
            "category": "Advanced Java",
            "q": "Test Question Advanced Java 5",
            "a": "Test Answer Advanced Java 5"
        },
        {
            "id": "6",
            "category": "Advanced Java",
            "q": "Test Question Advanced Java 6",
            "a": "Test Answer Advanced Java 6"
        },
        {
            "id": "7",
            "category": "Advanced Java",
            "q": "Test Question Advanced Java 7",
            "a": "Test Answer Advanced Java 7"
        },
        {
            "id": "8",
            "category": "Advanced Java",
            "q": "Test Question Advanced Java 8",
            "a": "Test Answer Advanced Java 8"
        },
        {
            "id": "9",
            "category": "Advanced Java",
            "q": "Test Question Advanced Java 9",
            "a": "Test Answer Advanced Java 9"
        },
        {
            "id": "10",
            "category": "Advanced Java",
            "q": "Test Question Advanced Java 10",
            "a": "Test Answer Advanced Java 10"
        },
        {
            "id": "11",
            "category": "Advanced Java",
            "q": "Test Question Advanced Java 11",
            "a": "Test Answer Advanced Java 11"
        },
        {
            "id": "12",
            "category": "Advanced Java",
            "q": "Test Question Advanced Java 12",
            "a": "Test Answer Advanced Java 12"
        },
        {
            "id": "13",
            "category": "Advanced Java",
            "q": "Test Question Advanced Java 13",
            "a": "Test Answer Advanced Java 13"
        },
        {
            "id": "14",
            "category": "Advanced Java",
            "q": "Test Question Advanced Java 14",
            "a": "Test Answer Advanced Java 14"
        },
        {
            "id": "15",
            "category": "Advanced Java",
            "q": "Test Question Advanced Java 15",
            "a": "Test Answer Advanced Java 15"
        },
        {
            "id": "16",
            "category": "Advanced Java",
            "q": "Test Question Advanced Java 16",
            "a": "Test Answer Advanced Java 16"
        },
        {
            "id": "17",
            "category": "Advanced Java",
            "q": "Test Question Advanced Java 17",
            "a": "Test Answer Advanced Java 17"
        },
        {
            "id": "18",
            "category": "Advanced Java",
            "q": "Test Question Advanced Java 18",
            "a": "Test Answer Advanced Java 18"
        },
        {
            "id": "19",
            "category": "Advanced Java",
            "q": "Test Question Advanced Java 19",
            "a": "Test Answer Advanced Java 19"
        },
        {
            "id": "20",
            "category": "Advanced Java",
            "q": "Test Question Advanced Java 20",
            "a": "Test Answer Advanced Java 20"
        },
        {
            "id": "21",
            "category": "Advanced Java",
            "q": "Test Question Advanced Java 21",
            "a": "Test Answer Advanced Java 21"
        },
        {
            "id": "22",
            "category": "Advanced Java",
            "q": "Test Question Advanced Java 22",
            "a": "Test Answer Advanced Java 22"
        },
        {
            "id": "23",
            "category": "Advanced Java",
            "q": "Test Question Advanced Java 23",
            "a": "Test Answer Advanced Java 23"
        },
        {
            "id": "24",
            "category": "Advanced Java",
            "q": "Test Question Advanced Java 24",
            "a": "Test Answer Advanced Java 24"
        },
        {
            "id": "25",
            "category": "Advanced Java",
            "q": "Test Question Advanced Java 25",
            "a": "Test Answer Advanced Java 25"
        },
        {
            "id": "26",
            "category": "Advanced Java",
            "q": "Test Question Advanced Java 26",
            "a": "Test Answer Advanced Java 26"
        },
        {
            "id": "27",
            "category": "Advanced Java",
            "q": "Test Question Advanced Java 27",
            "a": "Test Answer Advanced Java 27"
        },
        {
            "id": "28",
            "category": "Advanced Java",
            "q": "Test Question Advanced Java 28",
            "a": "Test Answer Advanced Java 28"
        },
        {
            "id": "29",
            "category": "Advanced Java",
            "q": "Test Question Advanced Java 29",
            "a": "Test Answer Advanced Java 29"
        },
        {
            "id": "30",
            "category": "Advanced Java",
            "q": "Test Question Advanced Java 30",
            "a": "Test Answer Advanced Java 30"
        },
        {
            "id": "31",
            "category": "Advanced Java",
            "q": "Test Question Advanced Java 31",
            "a": "Test Answer Advanced Java 31"
        },
        {
            "id": "32",
            "category": "Advanced Java",
            "q": "Test Question Advanced Java 32",
            "a": "Test Answer Advanced Java 32"
        },
        {
            "id": "33",
            "category": "Advanced Java",
            "q": "Test Question Advanced Java 33",
            "a": "Test Answer Advanced Java 33"
        },
        {
            "id": "34",
            "category": "Advanced Java",
            "q": "Test Question Advanced Java 34",
            "a": "Test Answer Advanced Java 34"
        },
        {
            "id": "35",
            "category": "Advanced Java",
            "q": "Test Question Advanced Java 35",
            "a": "Test Answer Advanced Java 35"
        },
        {
            "id": "36",
            "category": "Advanced Java",
            "q": "Test Question Advanced Java 36",
            "a": "Test Answer Advanced Java 36"
        },
        {
            "id": "37",
            "category": "Advanced Java",
            "q": "Test Question Advanced Java 37",
            "a": "Test Answer Advanced Java 37"
        },
        {
            "id": "38",
            "category": "Advanced Java",
            "q": "Test Question Advanced Java 38",
            "a": "Test Answer Advanced Java 38"
        },
        {
            "id": "39",
            "category": "Advanced Java",
            "q": "Test Question Advanced Java 39",
            "a": "Test Answer Advanced Java 39"
        },
        {
            "id": "40",
            "category": "Advanced Java",
            "q": "Test Question Advanced Java 40",
            "a": "Test Answer Advanced Java 40"
        },
        {
            "id": "41",
            "category": "Advanced Java",
            "q": "Test Question Advanced Java 41",
            "a": "Test Answer Advanced Java 41"
        },
        {
            "id": "42",
            "category": "Advanced Java",
            "q": "Test Question Advanced Java 42",
            "a": "Test Answer Advanced Java 42"
        },
        {
            "id": "43",
            "category": "Advanced Java",
            "q": "Test Question Advanced Java 43",
            "a": "Test Answer Advanced Java 43"
        },
        {
            "id": "44",
            "category": "Advanced Java",
            "q": "Test Question Advanced Java 44",
            "a": "Test Answer Advanced Java 44"
        },
        {
            "id": "45",
            "category": "Advanced Java",
            "q": "Test Question Advanced Java 45",
            "a": "Test Answer Advanced Java 45"
        },
        {
            "id": "46",
            "category": "Advanced Java",
            "q": "Test Question Advanced Java 46",
            "a": "Test Answer Advanced Java 46"
        },
        {
            "id": "47",
            "category": "Advanced Java",
            "q": "Test Question Advanced Java 47",
            "a": "Test Answer Advanced Java 47"
        },
        {
            "id": "48",
            "category": "Advanced Java",
            "q": "Test Question Advanced Java 48",
            "a": "Test Answer Advanced Java 48"
        },
        {
            "id": "49",
            "category": "Advanced Java",
            "q": "Test Question Advanced Java 49",
            "a": "Test Answer Advanced Java 49"
        },
        {
            "id": "50",
            "category": "Advanced Java",
            "q": "Test Question Advanced Java 50",
            "a": "Test Answer Advanced Java 50"
        },
        {
            "id": "51",
            "category": "Advanced Java",
            "q": "Test Question Advanced Java 51",
            "a": "Test Answer Advanced Java 51"
        },
        {
            "id": "52",
            "category": "Advanced Java",
            "q": "Test Question Advanced Java 52",
            "a": "Test Answer Advanced Java 52"
        },
        {
            "id": "53",
            "category": "Advanced Java",
            "q": "Test Question Advanced Java 53",
            "a": "Test Answer Advanced Java 53"
        },
        {
            "id": "54",
            "category": "Advanced Java",
            "q": "Test Question Advanced Java 54",
            "a": "Test Answer Advanced Java 54"
        },
        {
            "id": "55",
            "category": "Advanced Java",
            "q": "Test Question Advanced Java 55",
            "a": "Test Answer Advanced Java 55"
        },
        {
            "id": "56",
            "category": "Advanced Java",
            "q": "Test Question Advanced Java 56",
            "a": "Test Answer Advanced Java 56"
        },
        {
            "id": "57",
            "category": "Advanced Java",
            "q": "Test Question Advanced Java 57",
            "a": "Test Answer Advanced Java 57"
        },
        {
            "id": "58",
            "category": "Advanced Java",
            "q": "Test Question Advanced Java 58",
            "a": "Test Answer Advanced Java 58"
        },
        {
            "id": "59",
            "category": "Advanced Java",
            "q": "Test Question Advanced Java 59",
            "a": "Test Answer Advanced Java 59"
        },
        {
            "id": "60",
            "category": "Advanced Java",
            "q": "Test Question Advanced Java 60",
            "a": "Test Answer Advanced Java 60"
        },
        {
            "id": "61",
            "category": "Advanced Java",
            "q": "Test Question Advanced Java 61",
            "a": "Test Answer Advanced Java 61"
        },
        {
            "id": "62",
            "category": "Advanced Java",
            "q": "Test Question Advanced Java 62",
            "a": "Test Answer Advanced Java 62"
        },
        {
            "id": "63",
            "category": "Advanced Java",
            "q": "Test Question Advanced Java 63",
            "a": "Test Answer Advanced Java 63"
        },
        {
            "id": "64",
            "category": "Advanced Java",
            "q": "Test Question Advanced Java 64",
            "a": "Test Answer Advanced Java 64"
        },
        {
            "id": "65",
            "category": "Advanced Java",
            "q": "Test Question Advanced Java 65",
            "a": "Test Answer Advanced Java 65"
        },
        {
            "id": "66",
            "category": "Advanced Java",
            "q": "Test Question Advanced Java 66",
            "a": "Test Answer Advanced Java 66"
        },
        {
            "id": "67",
            "category": "Advanced Java",
            "q": "Test Question Advanced Java 67",
            "a": "Test Answer Advanced Java 67"
        },
        {
            "id": "68",
            "category": "Advanced Java",
            "q": "Test Question Advanced Java 68",
            "a": "Test Answer Advanced Java 68"
        },
        {
            "id": "69",
            "category": "Advanced Java",
            "q": "Test Question Advanced Java 69",
            "a": "Test Answer Advanced Java 69"
        },
        {
            "id": "70",
            "category": "Advanced Java",
            "q": "Test Question Advanced Java 70",
            "a": "Test Answer Advanced Java 70"
        },
        {
            "id": "71",
            "category": "Advanced Java",
            "q": "Test Question Advanced Java 71",
            "a": "Test Answer Advanced Java 71"
        },
        {
            "id": "72",
            "category": "Advanced Java",
            "q": "Test Question Advanced Java 72",
            "a": "Test Answer Advanced Java 72"
        },
        {
            "id": "73",
            "category": "Advanced Java",
            "q": "Test Question Advanced Java 73",
            "a": "Test Answer Advanced Java 73"
        },
        {
            "id": "74",
            "category": "Advanced Java",
            "q": "Test Question Advanced Java 74",
            "a": "Test Answer Advanced Java 74"
        },
        {
            "id": "75",
            "category": "Advanced Java",
            "q": "Test Question Advanced Java 75",
            "a": "Test Answer Advanced Java 75"
        },
        {
            "id": "76",
            "category": "Advanced Java",
            "q": "Test Question Advanced Java 76",
            "a": "Test Answer Advanced Java 76"
        },
        {
            "id": "77",
            "category": "Advanced Java",
            "q": "Test Question Advanced Java 77",
            "a": "Test Answer Advanced Java 77"
        },
        {
            "id": "78",
            "category": "Advanced Java",
            "q": "Test Question Advanced Java 78",
            "a": "Test Answer Advanced Java 78"
        },
        {
            "id": "79",
            "category": "Advanced Java",
            "q": "Test Question Advanced Java 79",
            "a": "Test Answer Advanced Java 79"
        },
        {
            "id": "80",
            "category": "Advanced Java",
            "q": "Test Question Advanced Java 80",
            "a": "Test Answer Advanced Java 80"
        },
        {
            "id": "81",
            "category": "Advanced Java",
            "q": "Test Question Advanced Java 81",
            "a": "Test Answer Advanced Java 81"
        },
        {
            "id": "82",
            "category": "Advanced Java",
            "q": "Test Question Advanced Java 82",
            "a": "Test Answer Advanced Java 82"
        },
        {
            "id": "83",
            "category": "Advanced Java",
            "q": "Test Question Advanced Java 83",
            "a": "Test Answer Advanced Java 83"
        },
        {
            "id": "84",
            "category": "Advanced Java",
            "q": "Test Question Advanced Java 84",
            "a": "Test Answer Advanced Java 84"
        },
        {
            "id": "85",
            "category": "Advanced Java",
            "q": "Test Question Advanced Java 85",
            "a": "Test Answer Advanced Java 85"
        },
        {
            "id": "86",
            "category": "Advanced Java",
            "q": "Test Question Advanced Java 86",
            "a": "Test Answer Advanced Java 86"
        },
        {
            "id": "87",
            "category": "Advanced Java",
            "q": "Test Question Advanced Java 87",
            "a": "Test Answer Advanced Java 87"
        },
        {
            "id": "88",
            "category": "Advanced Java",
            "q": "Test Question Advanced Java 88",
            "a": "Test Answer Advanced Java 88"
        },
        {
            "id": "89",
            "category": "Advanced Java",
            "q": "Test Question Advanced Java 89",
            "a": "Test Answer Advanced Java 89"
        },
        {
            "id": "90",
            "category": "Advanced Java",
            "q": "Test Question Advanced Java 90",
            "a": "Test Answer Advanced Java 90"
        },
        {
            "id": "91",
            "category": "Advanced Java",
            "q": "Test Question Advanced Java 91",
            "a": "Test Answer Advanced Java 91"
        },
        {
            "id": "92",
            "category": "Advanced Java",
            "q": "Test Question Advanced Java 92",
            "a": "Test Answer Advanced Java 92"
        },
        {
            "id": "93",
            "category": "Advanced Java",
            "q": "Test Question Advanced Java 93",
            "a": "Test Answer Advanced Java 93"
        },
        {
            "id": "94",
            "category": "Advanced Java",
            "q": "Test Question Advanced Java 94",
            "a": "Test Answer Advanced Java 94"
        },
        {
            "id": "95",
            "category": "Advanced Java",
            "q": "Test Question Advanced Java 95",
            "a": "Test Answer Advanced Java 95"
        },
        {
            "id": "96",
            "category": "Advanced Java",
            "q": "Test Question Advanced Java 96",
            "a": "Test Answer Advanced Java 96"
        },
        {
            "id": "97",
            "category": "Advanced Java",
            "q": "Test Question Advanced Java 97",
            "a": "Test Answer Advanced Java 97"
        },
        {
            "id": "98",
            "category": "Advanced Java",
            "q": "Test Question Advanced Java 98",
            "a": "Test Answer Advanced Java 98"
        },
        {
            "id": "99",
            "category": "Advanced Java",
            "q": "Test Question Advanced Java 99",
            "a": "Test Answer Advanced Java 99"
        },
        {
            "id": "0",
            "category": "Java Database Connectivity - JDBC",
            "q": "Test Question Java Database Connectivity - JDBC 0",
            "a": "Test Answer Java Database Connectivity - JDBC 0"
        },
        {
            "id": "1",
            "category": "Java Database Connectivity - JDBC",
            "q": "Test Question Java Database Connectivity - JDBC 1",
            "a": "Test Answer Java Database Connectivity - JDBC 1"
        },
        {
            "id": "2",
            "category": "Java Database Connectivity - JDBC",
            "q": "Test Question Java Database Connectivity - JDBC 2",
            "a": "Test Answer Java Database Connectivity - JDBC 2"
        },
        {
            "id": "3",
            "category": "Java Database Connectivity - JDBC",
            "q": "Test Question Java Database Connectivity - JDBC 3",
            "a": "Test Answer Java Database Connectivity - JDBC 3"
        },
        {
            "id": "4",
            "category": "Java Database Connectivity - JDBC",
            "q": "Test Question Java Database Connectivity - JDBC 4",
            "a": "Test Answer Java Database Connectivity - JDBC 4"
        },
        {
            "id": "5",
            "category": "Java Database Connectivity - JDBC",
            "q": "Test Question Java Database Connectivity - JDBC 5",
            "a": "Test Answer Java Database Connectivity - JDBC 5"
        },
        {
            "id": "6",
            "category": "Java Database Connectivity - JDBC",
            "q": "Test Question Java Database Connectivity - JDBC 6",
            "a": "Test Answer Java Database Connectivity - JDBC 6"
        },
        {
            "id": "7",
            "category": "Java Database Connectivity - JDBC",
            "q": "Test Question Java Database Connectivity - JDBC 7",
            "a": "Test Answer Java Database Connectivity - JDBC 7"
        },
        {
            "id": "8",
            "category": "Java Database Connectivity - JDBC",
            "q": "Test Question Java Database Connectivity - JDBC 8",
            "a": "Test Answer Java Database Connectivity - JDBC 8"
        },
        {
            "id": "9",
            "category": "Java Database Connectivity - JDBC",
            "q": "Test Question Java Database Connectivity - JDBC 9",
            "a": "Test Answer Java Database Connectivity - JDBC 9"
        },
        {
            "id": "10",
            "category": "Java Database Connectivity - JDBC",
            "q": "Test Question Java Database Connectivity - JDBC 10",
            "a": "Test Answer Java Database Connectivity - JDBC 10"
        },
        {
            "id": "11",
            "category": "Java Database Connectivity - JDBC",
            "q": "Test Question Java Database Connectivity - JDBC 11",
            "a": "Test Answer Java Database Connectivity - JDBC 11"
        },
        {
            "id": "12",
            "category": "Java Database Connectivity - JDBC",
            "q": "Test Question Java Database Connectivity - JDBC 12",
            "a": "Test Answer Java Database Connectivity - JDBC 12"
        },
        {
            "id": "13",
            "category": "Java Database Connectivity - JDBC",
            "q": "Test Question Java Database Connectivity - JDBC 13",
            "a": "Test Answer Java Database Connectivity - JDBC 13"
        },
        {
            "id": "14",
            "category": "Java Database Connectivity - JDBC",
            "q": "Test Question Java Database Connectivity - JDBC 14",
            "a": "Test Answer Java Database Connectivity - JDBC 14"
        },
        {
            "id": "15",
            "category": "Java Database Connectivity - JDBC",
            "q": "Test Question Java Database Connectivity - JDBC 15",
            "a": "Test Answer Java Database Connectivity - JDBC 15"
        },
        {
            "id": "16",
            "category": "Java Database Connectivity - JDBC",
            "q": "Test Question Java Database Connectivity - JDBC 16",
            "a": "Test Answer Java Database Connectivity - JDBC 16"
        },
        {
            "id": "17",
            "category": "Java Database Connectivity - JDBC",
            "q": "Test Question Java Database Connectivity - JDBC 17",
            "a": "Test Answer Java Database Connectivity - JDBC 17"
        },
        {
            "id": "18",
            "category": "Java Database Connectivity - JDBC",
            "q": "Test Question Java Database Connectivity - JDBC 18",
            "a": "Test Answer Java Database Connectivity - JDBC 18"
        },
        {
            "id": "19",
            "category": "Java Database Connectivity - JDBC",
            "q": "Test Question Java Database Connectivity - JDBC 19",
            "a": "Test Answer Java Database Connectivity - JDBC 19"
        },
        {
            "id": "20",
            "category": "Java Database Connectivity - JDBC",
            "q": "Test Question Java Database Connectivity - JDBC 20",
            "a": "Test Answer Java Database Connectivity - JDBC 20"
        },
        {
            "id": "21",
            "category": "Java Database Connectivity - JDBC",
            "q": "Test Question Java Database Connectivity - JDBC 21",
            "a": "Test Answer Java Database Connectivity - JDBC 21"
        },
        {
            "id": "22",
            "category": "Java Database Connectivity - JDBC",
            "q": "Test Question Java Database Connectivity - JDBC 22",
            "a": "Test Answer Java Database Connectivity - JDBC 22"
        },
        {
            "id": "23",
            "category": "Java Database Connectivity - JDBC",
            "q": "Test Question Java Database Connectivity - JDBC 23",
            "a": "Test Answer Java Database Connectivity - JDBC 23"
        },
        {
            "id": "24",
            "category": "Java Database Connectivity - JDBC",
            "q": "Test Question Java Database Connectivity - JDBC 24",
            "a": "Test Answer Java Database Connectivity - JDBC 24"
        },
        {
            "id": "25",
            "category": "Java Database Connectivity - JDBC",
            "q": "Test Question Java Database Connectivity - JDBC 25",
            "a": "Test Answer Java Database Connectivity - JDBC 25"
        },
        {
            "id": "26",
            "category": "Java Database Connectivity - JDBC",
            "q": "Test Question Java Database Connectivity - JDBC 26",
            "a": "Test Answer Java Database Connectivity - JDBC 26"
        },
        {
            "id": "27",
            "category": "Java Database Connectivity - JDBC",
            "q": "Test Question Java Database Connectivity - JDBC 27",
            "a": "Test Answer Java Database Connectivity - JDBC 27"
        },
        {
            "id": "28",
            "category": "Java Database Connectivity - JDBC",
            "q": "Test Question Java Database Connectivity - JDBC 28",
            "a": "Test Answer Java Database Connectivity - JDBC 28"
        },
        {
            "id": "29",
            "category": "Java Database Connectivity - JDBC",
            "q": "Test Question Java Database Connectivity - JDBC 29",
            "a": "Test Answer Java Database Connectivity - JDBC 29"
        },
        {
            "id": "30",
            "category": "Java Database Connectivity - JDBC",
            "q": "Test Question Java Database Connectivity - JDBC 30",
            "a": "Test Answer Java Database Connectivity - JDBC 30"
        },
        {
            "id": "31",
            "category": "Java Database Connectivity - JDBC",
            "q": "Test Question Java Database Connectivity - JDBC 31",
            "a": "Test Answer Java Database Connectivity - JDBC 31"
        },
        {
            "id": "32",
            "category": "Java Database Connectivity - JDBC",
            "q": "Test Question Java Database Connectivity - JDBC 32",
            "a": "Test Answer Java Database Connectivity - JDBC 32"
        },
        {
            "id": "33",
            "category": "Java Database Connectivity - JDBC",
            "q": "Test Question Java Database Connectivity - JDBC 33",
            "a": "Test Answer Java Database Connectivity - JDBC 33"
        },
        {
            "id": "34",
            "category": "Java Database Connectivity - JDBC",
            "q": "Test Question Java Database Connectivity - JDBC 34",
            "a": "Test Answer Java Database Connectivity - JDBC 34"
        },
        {
            "id": "35",
            "category": "Java Database Connectivity - JDBC",
            "q": "Test Question Java Database Connectivity - JDBC 35",
            "a": "Test Answer Java Database Connectivity - JDBC 35"
        },
        {
            "id": "36",
            "category": "Java Database Connectivity - JDBC",
            "q": "Test Question Java Database Connectivity - JDBC 36",
            "a": "Test Answer Java Database Connectivity - JDBC 36"
        },
        {
            "id": "37",
            "category": "Java Database Connectivity - JDBC",
            "q": "Test Question Java Database Connectivity - JDBC 37",
            "a": "Test Answer Java Database Connectivity - JDBC 37"
        },
        {
            "id": "38",
            "category": "Java Database Connectivity - JDBC",
            "q": "Test Question Java Database Connectivity - JDBC 38",
            "a": "Test Answer Java Database Connectivity - JDBC 38"
        },
        {
            "id": "39",
            "category": "Java Database Connectivity - JDBC",
            "q": "Test Question Java Database Connectivity - JDBC 39",
            "a": "Test Answer Java Database Connectivity - JDBC 39"
        },
        {
            "id": "40",
            "category": "Java Database Connectivity - JDBC",
            "q": "Test Question Java Database Connectivity - JDBC 40",
            "a": "Test Answer Java Database Connectivity - JDBC 40"
        },
        {
            "id": "41",
            "category": "Java Database Connectivity - JDBC",
            "q": "Test Question Java Database Connectivity - JDBC 41",
            "a": "Test Answer Java Database Connectivity - JDBC 41"
        },
        {
            "id": "42",
            "category": "Java Database Connectivity - JDBC",
            "q": "Test Question Java Database Connectivity - JDBC 42",
            "a": "Test Answer Java Database Connectivity - JDBC 42"
        },
        {
            "id": "43",
            "category": "Java Database Connectivity - JDBC",
            "q": "Test Question Java Database Connectivity - JDBC 43",
            "a": "Test Answer Java Database Connectivity - JDBC 43"
        },
        {
            "id": "44",
            "category": "Java Database Connectivity - JDBC",
            "q": "Test Question Java Database Connectivity - JDBC 44",
            "a": "Test Answer Java Database Connectivity - JDBC 44"
        },
        {
            "id": "45",
            "category": "Java Database Connectivity - JDBC",
            "q": "Test Question Java Database Connectivity - JDBC 45",
            "a": "Test Answer Java Database Connectivity - JDBC 45"
        },
        {
            "id": "46",
            "category": "Java Database Connectivity - JDBC",
            "q": "Test Question Java Database Connectivity - JDBC 46",
            "a": "Test Answer Java Database Connectivity - JDBC 46"
        },
        {
            "id": "47",
            "category": "Java Database Connectivity - JDBC",
            "q": "Test Question Java Database Connectivity - JDBC 47",
            "a": "Test Answer Java Database Connectivity - JDBC 47"
        },
        {
            "id": "48",
            "category": "Java Database Connectivity - JDBC",
            "q": "Test Question Java Database Connectivity - JDBC 48",
            "a": "Test Answer Java Database Connectivity - JDBC 48"
        },
        {
            "id": "49",
            "category": "Java Database Connectivity - JDBC",
            "q": "Test Question Java Database Connectivity - JDBC 49",
            "a": "Test Answer Java Database Connectivity - JDBC 49"
        },
        {
            "id": "50",
            "category": "Java Database Connectivity - JDBC",
            "q": "Test Question Java Database Connectivity - JDBC 50",
            "a": "Test Answer Java Database Connectivity - JDBC 50"
        },
        {
            "id": "51",
            "category": "Java Database Connectivity - JDBC",
            "q": "Test Question Java Database Connectivity - JDBC 51",
            "a": "Test Answer Java Database Connectivity - JDBC 51"
        },
        {
            "id": "52",
            "category": "Java Database Connectivity - JDBC",
            "q": "Test Question Java Database Connectivity - JDBC 52",
            "a": "Test Answer Java Database Connectivity - JDBC 52"
        },
        {
            "id": "53",
            "category": "Java Database Connectivity - JDBC",
            "q": "Test Question Java Database Connectivity - JDBC 53",
            "a": "Test Answer Java Database Connectivity - JDBC 53"
        },
        {
            "id": "54",
            "category": "Java Database Connectivity - JDBC",
            "q": "Test Question Java Database Connectivity - JDBC 54",
            "a": "Test Answer Java Database Connectivity - JDBC 54"
        },
        {
            "id": "55",
            "category": "Java Database Connectivity - JDBC",
            "q": "Test Question Java Database Connectivity - JDBC 55",
            "a": "Test Answer Java Database Connectivity - JDBC 55"
        },
        {
            "id": "56",
            "category": "Java Database Connectivity - JDBC",
            "q": "Test Question Java Database Connectivity - JDBC 56",
            "a": "Test Answer Java Database Connectivity - JDBC 56"
        },
        {
            "id": "57",
            "category": "Java Database Connectivity - JDBC",
            "q": "Test Question Java Database Connectivity - JDBC 57",
            "a": "Test Answer Java Database Connectivity - JDBC 57"
        },
        {
            "id": "58",
            "category": "Java Database Connectivity - JDBC",
            "q": "Test Question Java Database Connectivity - JDBC 58",
            "a": "Test Answer Java Database Connectivity - JDBC 58"
        },
        {
            "id": "59",
            "category": "Java Database Connectivity - JDBC",
            "q": "Test Question Java Database Connectivity - JDBC 59",
            "a": "Test Answer Java Database Connectivity - JDBC 59"
        },
        {
            "id": "60",
            "category": "Java Database Connectivity - JDBC",
            "q": "Test Question Java Database Connectivity - JDBC 60",
            "a": "Test Answer Java Database Connectivity - JDBC 60"
        },
        {
            "id": "61",
            "category": "Java Database Connectivity - JDBC",
            "q": "Test Question Java Database Connectivity - JDBC 61",
            "a": "Test Answer Java Database Connectivity - JDBC 61"
        },
        {
            "id": "62",
            "category": "Java Database Connectivity - JDBC",
            "q": "Test Question Java Database Connectivity - JDBC 62",
            "a": "Test Answer Java Database Connectivity - JDBC 62"
        },
        {
            "id": "63",
            "category": "Java Database Connectivity - JDBC",
            "q": "Test Question Java Database Connectivity - JDBC 63",
            "a": "Test Answer Java Database Connectivity - JDBC 63"
        },
        {
            "id": "64",
            "category": "Java Database Connectivity - JDBC",
            "q": "Test Question Java Database Connectivity - JDBC 64",
            "a": "Test Answer Java Database Connectivity - JDBC 64"
        },
        {
            "id": "65",
            "category": "Java Database Connectivity - JDBC",
            "q": "Test Question Java Database Connectivity - JDBC 65",
            "a": "Test Answer Java Database Connectivity - JDBC 65"
        },
        {
            "id": "66",
            "category": "Java Database Connectivity - JDBC",
            "q": "Test Question Java Database Connectivity - JDBC 66",
            "a": "Test Answer Java Database Connectivity - JDBC 66"
        },
        {
            "id": "67",
            "category": "Java Database Connectivity - JDBC",
            "q": "Test Question Java Database Connectivity - JDBC 67",
            "a": "Test Answer Java Database Connectivity - JDBC 67"
        },
        {
            "id": "68",
            "category": "Java Database Connectivity - JDBC",
            "q": "Test Question Java Database Connectivity - JDBC 68",
            "a": "Test Answer Java Database Connectivity - JDBC 68"
        },
        {
            "id": "69",
            "category": "Java Database Connectivity - JDBC",
            "q": "Test Question Java Database Connectivity - JDBC 69",
            "a": "Test Answer Java Database Connectivity - JDBC 69"
        },
        {
            "id": "70",
            "category": "Java Database Connectivity - JDBC",
            "q": "Test Question Java Database Connectivity - JDBC 70",
            "a": "Test Answer Java Database Connectivity - JDBC 70"
        },
        {
            "id": "71",
            "category": "Java Database Connectivity - JDBC",
            "q": "Test Question Java Database Connectivity - JDBC 71",
            "a": "Test Answer Java Database Connectivity - JDBC 71"
        },
        {
            "id": "72",
            "category": "Java Database Connectivity - JDBC",
            "q": "Test Question Java Database Connectivity - JDBC 72",
            "a": "Test Answer Java Database Connectivity - JDBC 72"
        },
        {
            "id": "73",
            "category": "Java Database Connectivity - JDBC",
            "q": "Test Question Java Database Connectivity - JDBC 73",
            "a": "Test Answer Java Database Connectivity - JDBC 73"
        },
        {
            "id": "74",
            "category": "Java Database Connectivity - JDBC",
            "q": "Test Question Java Database Connectivity - JDBC 74",
            "a": "Test Answer Java Database Connectivity - JDBC 74"
        },
        {
            "id": "75",
            "category": "Java Database Connectivity - JDBC",
            "q": "Test Question Java Database Connectivity - JDBC 75",
            "a": "Test Answer Java Database Connectivity - JDBC 75"
        },
        {
            "id": "76",
            "category": "Java Database Connectivity - JDBC",
            "q": "Test Question Java Database Connectivity - JDBC 76",
            "a": "Test Answer Java Database Connectivity - JDBC 76"
        },
        {
            "id": "77",
            "category": "Java Database Connectivity - JDBC",
            "q": "Test Question Java Database Connectivity - JDBC 77",
            "a": "Test Answer Java Database Connectivity - JDBC 77"
        },
        {
            "id": "78",
            "category": "Java Database Connectivity - JDBC",
            "q": "Test Question Java Database Connectivity - JDBC 78",
            "a": "Test Answer Java Database Connectivity - JDBC 78"
        },
        {
            "id": "79",
            "category": "Java Database Connectivity - JDBC",
            "q": "Test Question Java Database Connectivity - JDBC 79",
            "a": "Test Answer Java Database Connectivity - JDBC 79"
        },
        {
            "id": "80",
            "category": "Java Database Connectivity - JDBC",
            "q": "Test Question Java Database Connectivity - JDBC 80",
            "a": "Test Answer Java Database Connectivity - JDBC 80"
        },
        {
            "id": "81",
            "category": "Java Database Connectivity - JDBC",
            "q": "Test Question Java Database Connectivity - JDBC 81",
            "a": "Test Answer Java Database Connectivity - JDBC 81"
        },
        {
            "id": "82",
            "category": "Java Database Connectivity - JDBC",
            "q": "Test Question Java Database Connectivity - JDBC 82",
            "a": "Test Answer Java Database Connectivity - JDBC 82"
        },
        {
            "id": "83",
            "category": "Java Database Connectivity - JDBC",
            "q": "Test Question Java Database Connectivity - JDBC 83",
            "a": "Test Answer Java Database Connectivity - JDBC 83"
        },
        {
            "id": "84",
            "category": "Java Database Connectivity - JDBC",
            "q": "Test Question Java Database Connectivity - JDBC 84",
            "a": "Test Answer Java Database Connectivity - JDBC 84"
        },
        {
            "id": "85",
            "category": "Java Database Connectivity - JDBC",
            "q": "Test Question Java Database Connectivity - JDBC 85",
            "a": "Test Answer Java Database Connectivity - JDBC 85"
        },
        {
            "id": "86",
            "category": "Java Database Connectivity - JDBC",
            "q": "Test Question Java Database Connectivity - JDBC 86",
            "a": "Test Answer Java Database Connectivity - JDBC 86"
        },
        {
            "id": "87",
            "category": "Java Database Connectivity - JDBC",
            "q": "Test Question Java Database Connectivity - JDBC 87",
            "a": "Test Answer Java Database Connectivity - JDBC 87"
        },
        {
            "id": "88",
            "category": "Java Database Connectivity - JDBC",
            "q": "Test Question Java Database Connectivity - JDBC 88",
            "a": "Test Answer Java Database Connectivity - JDBC 88"
        },
        {
            "id": "89",
            "category": "Java Database Connectivity - JDBC",
            "q": "Test Question Java Database Connectivity - JDBC 89",
            "a": "Test Answer Java Database Connectivity - JDBC 89"
        },
        {
            "id": "90",
            "category": "Java Database Connectivity - JDBC",
            "q": "Test Question Java Database Connectivity - JDBC 90",
            "a": "Test Answer Java Database Connectivity - JDBC 90"
        },
        {
            "id": "91",
            "category": "Java Database Connectivity - JDBC",
            "q": "Test Question Java Database Connectivity - JDBC 91",
            "a": "Test Answer Java Database Connectivity - JDBC 91"
        },
        {
            "id": "92",
            "category": "Java Database Connectivity - JDBC",
            "q": "Test Question Java Database Connectivity - JDBC 92",
            "a": "Test Answer Java Database Connectivity - JDBC 92"
        },
        {
            "id": "93",
            "category": "Java Database Connectivity - JDBC",
            "q": "Test Question Java Database Connectivity - JDBC 93",
            "a": "Test Answer Java Database Connectivity - JDBC 93"
        },
        {
            "id": "94",
            "category": "Java Database Connectivity - JDBC",
            "q": "Test Question Java Database Connectivity - JDBC 94",
            "a": "Test Answer Java Database Connectivity - JDBC 94"
        },
        {
            "id": "95",
            "category": "Java Database Connectivity - JDBC",
            "q": "Test Question Java Database Connectivity - JDBC 95",
            "a": "Test Answer Java Database Connectivity - JDBC 95"
        },
        {
            "id": "96",
            "category": "Java Database Connectivity - JDBC",
            "q": "Test Question Java Database Connectivity - JDBC 96",
            "a": "Test Answer Java Database Connectivity - JDBC 96"
        },
        {
            "id": "97",
            "category": "Java Database Connectivity - JDBC",
            "q": "Test Question Java Database Connectivity - JDBC 97",
            "a": "Test Answer Java Database Connectivity - JDBC 97"
        },
        {
            "id": "98",
            "category": "Java Database Connectivity - JDBC",
            "q": "Test Question Java Database Connectivity - JDBC 98",
            "a": "Test Answer Java Database Connectivity - JDBC 98"
        },
        {
            "id": "99",
            "category": "Java Database Connectivity - JDBC",
            "q": "Test Question Java Database Connectivity - JDBC 99",
            "a": "Test Answer Java Database Connectivity - JDBC 99"
        },
        {
            "id": "0",
            "category": "Java Servlets",
            "q": "Test Question Java Servlets 0",
            "a": "Test Answer Java Servlets 0"
        },
        {
            "id": "1",
            "category": "Java Servlets",
            "q": "Test Question Java Servlets 1",
            "a": "Test Answer Java Servlets 1"
        },
        {
            "id": "2",
            "category": "Java Servlets",
            "q": "Test Question Java Servlets 2",
            "a": "Test Answer Java Servlets 2"
        },
        {
            "id": "3",
            "category": "Java Servlets",
            "q": "Test Question Java Servlets 3",
            "a": "Test Answer Java Servlets 3"
        },
        {
            "id": "4",
            "category": "Java Servlets",
            "q": "Test Question Java Servlets 4",
            "a": "Test Answer Java Servlets 4"
        },
        {
            "id": "5",
            "category": "Java Servlets",
            "q": "Test Question Java Servlets 5",
            "a": "Test Answer Java Servlets 5"
        },
        {
            "id": "6",
            "category": "Java Servlets",
            "q": "Test Question Java Servlets 6",
            "a": "Test Answer Java Servlets 6"
        },
        {
            "id": "7",
            "category": "Java Servlets",
            "q": "Test Question Java Servlets 7",
            "a": "Test Answer Java Servlets 7"
        },
        {
            "id": "8",
            "category": "Java Servlets",
            "q": "Test Question Java Servlets 8",
            "a": "Test Answer Java Servlets 8"
        },
        {
            "id": "9",
            "category": "Java Servlets",
            "q": "Test Question Java Servlets 9",
            "a": "Test Answer Java Servlets 9"
        },
        {
            "id": "10",
            "category": "Java Servlets",
            "q": "Test Question Java Servlets 10",
            "a": "Test Answer Java Servlets 10"
        },
        {
            "id": "11",
            "category": "Java Servlets",
            "q": "Test Question Java Servlets 11",
            "a": "Test Answer Java Servlets 11"
        },
        {
            "id": "12",
            "category": "Java Servlets",
            "q": "Test Question Java Servlets 12",
            "a": "Test Answer Java Servlets 12"
        },
        {
            "id": "13",
            "category": "Java Servlets",
            "q": "Test Question Java Servlets 13",
            "a": "Test Answer Java Servlets 13"
        },
        {
            "id": "14",
            "category": "Java Servlets",
            "q": "Test Question Java Servlets 14",
            "a": "Test Answer Java Servlets 14"
        },
        {
            "id": "15",
            "category": "Java Servlets",
            "q": "Test Question Java Servlets 15",
            "a": "Test Answer Java Servlets 15"
        },
        {
            "id": "16",
            "category": "Java Servlets",
            "q": "Test Question Java Servlets 16",
            "a": "Test Answer Java Servlets 16"
        },
        {
            "id": "17",
            "category": "Java Servlets",
            "q": "Test Question Java Servlets 17",
            "a": "Test Answer Java Servlets 17"
        },
        {
            "id": "18",
            "category": "Java Servlets",
            "q": "Test Question Java Servlets 18",
            "a": "Test Answer Java Servlets 18"
        },
        {
            "id": "19",
            "category": "Java Servlets",
            "q": "Test Question Java Servlets 19",
            "a": "Test Answer Java Servlets 19"
        },
        {
            "id": "20",
            "category": "Java Servlets",
            "q": "Test Question Java Servlets 20",
            "a": "Test Answer Java Servlets 20"
        },
        {
            "id": "21",
            "category": "Java Servlets",
            "q": "Test Question Java Servlets 21",
            "a": "Test Answer Java Servlets 21"
        },
        {
            "id": "22",
            "category": "Java Servlets",
            "q": "Test Question Java Servlets 22",
            "a": "Test Answer Java Servlets 22"
        },
        {
            "id": "23",
            "category": "Java Servlets",
            "q": "Test Question Java Servlets 23",
            "a": "Test Answer Java Servlets 23"
        },
        {
            "id": "24",
            "category": "Java Servlets",
            "q": "Test Question Java Servlets 24",
            "a": "Test Answer Java Servlets 24"
        },
        {
            "id": "25",
            "category": "Java Servlets",
            "q": "Test Question Java Servlets 25",
            "a": "Test Answer Java Servlets 25"
        },
        {
            "id": "26",
            "category": "Java Servlets",
            "q": "Test Question Java Servlets 26",
            "a": "Test Answer Java Servlets 26"
        },
        {
            "id": "27",
            "category": "Java Servlets",
            "q": "Test Question Java Servlets 27",
            "a": "Test Answer Java Servlets 27"
        },
        {
            "id": "28",
            "category": "Java Servlets",
            "q": "Test Question Java Servlets 28",
            "a": "Test Answer Java Servlets 28"
        },
        {
            "id": "29",
            "category": "Java Servlets",
            "q": "Test Question Java Servlets 29",
            "a": "Test Answer Java Servlets 29"
        },
        {
            "id": "30",
            "category": "Java Servlets",
            "q": "Test Question Java Servlets 30",
            "a": "Test Answer Java Servlets 30"
        },
        {
            "id": "31",
            "category": "Java Servlets",
            "q": "Test Question Java Servlets 31",
            "a": "Test Answer Java Servlets 31"
        },
        {
            "id": "32",
            "category": "Java Servlets",
            "q": "Test Question Java Servlets 32",
            "a": "Test Answer Java Servlets 32"
        },
        {
            "id": "33",
            "category": "Java Servlets",
            "q": "Test Question Java Servlets 33",
            "a": "Test Answer Java Servlets 33"
        },
        {
            "id": "34",
            "category": "Java Servlets",
            "q": "Test Question Java Servlets 34",
            "a": "Test Answer Java Servlets 34"
        },
        {
            "id": "35",
            "category": "Java Servlets",
            "q": "Test Question Java Servlets 35",
            "a": "Test Answer Java Servlets 35"
        },
        {
            "id": "36",
            "category": "Java Servlets",
            "q": "Test Question Java Servlets 36",
            "a": "Test Answer Java Servlets 36"
        },
        {
            "id": "37",
            "category": "Java Servlets",
            "q": "Test Question Java Servlets 37",
            "a": "Test Answer Java Servlets 37"
        },
        {
            "id": "38",
            "category": "Java Servlets",
            "q": "Test Question Java Servlets 38",
            "a": "Test Answer Java Servlets 38"
        },
        {
            "id": "39",
            "category": "Java Servlets",
            "q": "Test Question Java Servlets 39",
            "a": "Test Answer Java Servlets 39"
        },
        {
            "id": "40",
            "category": "Java Servlets",
            "q": "Test Question Java Servlets 40",
            "a": "Test Answer Java Servlets 40"
        },
        {
            "id": "41",
            "category": "Java Servlets",
            "q": "Test Question Java Servlets 41",
            "a": "Test Answer Java Servlets 41"
        },
        {
            "id": "42",
            "category": "Java Servlets",
            "q": "Test Question Java Servlets 42",
            "a": "Test Answer Java Servlets 42"
        },
        {
            "id": "43",
            "category": "Java Servlets",
            "q": "Test Question Java Servlets 43",
            "a": "Test Answer Java Servlets 43"
        },
        {
            "id": "44",
            "category": "Java Servlets",
            "q": "Test Question Java Servlets 44",
            "a": "Test Answer Java Servlets 44"
        },
        {
            "id": "45",
            "category": "Java Servlets",
            "q": "Test Question Java Servlets 45",
            "a": "Test Answer Java Servlets 45"
        },
        {
            "id": "46",
            "category": "Java Servlets",
            "q": "Test Question Java Servlets 46",
            "a": "Test Answer Java Servlets 46"
        },
        {
            "id": "47",
            "category": "Java Servlets",
            "q": "Test Question Java Servlets 47",
            "a": "Test Answer Java Servlets 47"
        },
        {
            "id": "48",
            "category": "Java Servlets",
            "q": "Test Question Java Servlets 48",
            "a": "Test Answer Java Servlets 48"
        },
        {
            "id": "49",
            "category": "Java Servlets",
            "q": "Test Question Java Servlets 49",
            "a": "Test Answer Java Servlets 49"
        },
        {
            "id": "50",
            "category": "Java Servlets",
            "q": "Test Question Java Servlets 50",
            "a": "Test Answer Java Servlets 50"
        },
        {
            "id": "51",
            "category": "Java Servlets",
            "q": "Test Question Java Servlets 51",
            "a": "Test Answer Java Servlets 51"
        },
        {
            "id": "52",
            "category": "Java Servlets",
            "q": "Test Question Java Servlets 52",
            "a": "Test Answer Java Servlets 52"
        },
        {
            "id": "53",
            "category": "Java Servlets",
            "q": "Test Question Java Servlets 53",
            "a": "Test Answer Java Servlets 53"
        },
        {
            "id": "54",
            "category": "Java Servlets",
            "q": "Test Question Java Servlets 54",
            "a": "Test Answer Java Servlets 54"
        },
        {
            "id": "55",
            "category": "Java Servlets",
            "q": "Test Question Java Servlets 55",
            "a": "Test Answer Java Servlets 55"
        },
        {
            "id": "56",
            "category": "Java Servlets",
            "q": "Test Question Java Servlets 56",
            "a": "Test Answer Java Servlets 56"
        },
        {
            "id": "57",
            "category": "Java Servlets",
            "q": "Test Question Java Servlets 57",
            "a": "Test Answer Java Servlets 57"
        },
        {
            "id": "58",
            "category": "Java Servlets",
            "q": "Test Question Java Servlets 58",
            "a": "Test Answer Java Servlets 58"
        },
        {
            "id": "59",
            "category": "Java Servlets",
            "q": "Test Question Java Servlets 59",
            "a": "Test Answer Java Servlets 59"
        },
        {
            "id": "60",
            "category": "Java Servlets",
            "q": "Test Question Java Servlets 60",
            "a": "Test Answer Java Servlets 60"
        },
        {
            "id": "61",
            "category": "Java Servlets",
            "q": "Test Question Java Servlets 61",
            "a": "Test Answer Java Servlets 61"
        },
        {
            "id": "62",
            "category": "Java Servlets",
            "q": "Test Question Java Servlets 62",
            "a": "Test Answer Java Servlets 62"
        },
        {
            "id": "63",
            "category": "Java Servlets",
            "q": "Test Question Java Servlets 63",
            "a": "Test Answer Java Servlets 63"
        },
        {
            "id": "64",
            "category": "Java Servlets",
            "q": "Test Question Java Servlets 64",
            "a": "Test Answer Java Servlets 64"
        },
        {
            "id": "65",
            "category": "Java Servlets",
            "q": "Test Question Java Servlets 65",
            "a": "Test Answer Java Servlets 65"
        },
        {
            "id": "66",
            "category": "Java Servlets",
            "q": "Test Question Java Servlets 66",
            "a": "Test Answer Java Servlets 66"
        },
        {
            "id": "67",
            "category": "Java Servlets",
            "q": "Test Question Java Servlets 67",
            "a": "Test Answer Java Servlets 67"
        },
        {
            "id": "68",
            "category": "Java Servlets",
            "q": "Test Question Java Servlets 68",
            "a": "Test Answer Java Servlets 68"
        },
        {
            "id": "69",
            "category": "Java Servlets",
            "q": "Test Question Java Servlets 69",
            "a": "Test Answer Java Servlets 69"
        },
        {
            "id": "70",
            "category": "Java Servlets",
            "q": "Test Question Java Servlets 70",
            "a": "Test Answer Java Servlets 70"
        },
        {
            "id": "71",
            "category": "Java Servlets",
            "q": "Test Question Java Servlets 71",
            "a": "Test Answer Java Servlets 71"
        },
        {
            "id": "72",
            "category": "Java Servlets",
            "q": "Test Question Java Servlets 72",
            "a": "Test Answer Java Servlets 72"
        },
        {
            "id": "73",
            "category": "Java Servlets",
            "q": "Test Question Java Servlets 73",
            "a": "Test Answer Java Servlets 73"
        },
        {
            "id": "74",
            "category": "Java Servlets",
            "q": "Test Question Java Servlets 74",
            "a": "Test Answer Java Servlets 74"
        },
        {
            "id": "75",
            "category": "Java Servlets",
            "q": "Test Question Java Servlets 75",
            "a": "Test Answer Java Servlets 75"
        },
        {
            "id": "76",
            "category": "Java Servlets",
            "q": "Test Question Java Servlets 76",
            "a": "Test Answer Java Servlets 76"
        },
        {
            "id": "77",
            "category": "Java Servlets",
            "q": "Test Question Java Servlets 77",
            "a": "Test Answer Java Servlets 77"
        },
        {
            "id": "78",
            "category": "Java Servlets",
            "q": "Test Question Java Servlets 78",
            "a": "Test Answer Java Servlets 78"
        },
        {
            "id": "79",
            "category": "Java Servlets",
            "q": "Test Question Java Servlets 79",
            "a": "Test Answer Java Servlets 79"
        },
        {
            "id": "80",
            "category": "Java Servlets",
            "q": "Test Question Java Servlets 80",
            "a": "Test Answer Java Servlets 80"
        },
        {
            "id": "81",
            "category": "Java Servlets",
            "q": "Test Question Java Servlets 81",
            "a": "Test Answer Java Servlets 81"
        },
        {
            "id": "82",
            "category": "Java Servlets",
            "q": "Test Question Java Servlets 82",
            "a": "Test Answer Java Servlets 82"
        },
        {
            "id": "83",
            "category": "Java Servlets",
            "q": "Test Question Java Servlets 83",
            "a": "Test Answer Java Servlets 83"
        },
        {
            "id": "84",
            "category": "Java Servlets",
            "q": "Test Question Java Servlets 84",
            "a": "Test Answer Java Servlets 84"
        },
        {
            "id": "85",
            "category": "Java Servlets",
            "q": "Test Question Java Servlets 85",
            "a": "Test Answer Java Servlets 85"
        },
        {
            "id": "86",
            "category": "Java Servlets",
            "q": "Test Question Java Servlets 86",
            "a": "Test Answer Java Servlets 86"
        },
        {
            "id": "87",
            "category": "Java Servlets",
            "q": "Test Question Java Servlets 87",
            "a": "Test Answer Java Servlets 87"
        },
        {
            "id": "88",
            "category": "Java Servlets",
            "q": "Test Question Java Servlets 88",
            "a": "Test Answer Java Servlets 88"
        },
        {
            "id": "89",
            "category": "Java Servlets",
            "q": "Test Question Java Servlets 89",
            "a": "Test Answer Java Servlets 89"
        },
        {
            "id": "90",
            "category": "Java Servlets",
            "q": "Test Question Java Servlets 90",
            "a": "Test Answer Java Servlets 90"
        },
        {
            "id": "91",
            "category": "Java Servlets",
            "q": "Test Question Java Servlets 91",
            "a": "Test Answer Java Servlets 91"
        },
        {
            "id": "92",
            "category": "Java Servlets",
            "q": "Test Question Java Servlets 92",
            "a": "Test Answer Java Servlets 92"
        },
        {
            "id": "93",
            "category": "Java Servlets",
            "q": "Test Question Java Servlets 93",
            "a": "Test Answer Java Servlets 93"
        },
        {
            "id": "94",
            "category": "Java Servlets",
            "q": "Test Question Java Servlets 94",
            "a": "Test Answer Java Servlets 94"
        },
        {
            "id": "95",
            "category": "Java Servlets",
            "q": "Test Question Java Servlets 95",
            "a": "Test Answer Java Servlets 95"
        },
        {
            "id": "96",
            "category": "Java Servlets",
            "q": "Test Question Java Servlets 96",
            "a": "Test Answer Java Servlets 96"
        },
        {
            "id": "97",
            "category": "Java Servlets",
            "q": "Test Question Java Servlets 97",
            "a": "Test Answer Java Servlets 97"
        },
        {
            "id": "98",
            "category": "Java Servlets",
            "q": "Test Question Java Servlets 98",
            "a": "Test Answer Java Servlets 98"
        },
        {
            "id": "99",
            "category": "Java Servlets",
            "q": "Test Question Java Servlets 99",
            "a": "Test Answer Java Servlets 99"
        }
    ]
}